Id_Agente;Target
1;1
2;1
3;1
4;0
5;0
6;1
7;0
8;1
9;1
10;1
11;1
12;0
13;1
14;1
15;0
16;1
17;1
18;1
19;0
20;0
21;1
22;0
23;1
24;1
25;0
26;1
27;0
28;0
29;1
30;1
31;1
32;1
33;0
34;0
35;0
36;0
37;1
38;1
39;0
40;0
41;0
42;1
43;0
44;0
45;1
46;1
47;0
48;0
49;1
50;1
51;1
52;1
53;1
54;0
55;1
56;0
57;0
58;1
59;0
60;0
61;0
62;1
63;0
64;0
65;0
66;0
67;1
68;0
69;0
70;0
71;0
72;0
73;0
74;0
75;0
76;0
77;0
78;0
79;1
80;1
81;0
82;0
83;0
84;1
85;1
86;0
87;0
88;1
89;0
90;0
91;0
92;1
93;0
94;1
95;0
96;1
97;1
98;1
99;0
100;0
101;0
102;1
103;0
104;0
105;1
106;0
107;1
108;1
109;0
110;0
111;1
112;0
113;0
114;0
115;0
116;0
117;0
118;1
119;0
120;0
121;0
122;0
123;0
124;0
125;0
126;0
127;0
128;0
129;0
130;0
131;1
132;0
133;0
134;0
135;1
136;0
137;0
138;0
139;1
140;1
141;1
142;1
143;0
144;1
145;0
146;1
147;1
148;0
149;1
150;0
151;1
152;1
153;1
154;0
155;1
156;1
157;0
158;0
159;0
160;0
161;0
162;0
163;0
164;0
165;0
166;0
167;1
168;0
169;0
170;1
171;0
172;0
173;1
174;1
175;0
176;0
177;0
178;0
179;1
180;1
181;0
182;1
183;1
184;1
185;0
186;0
187;1
188;0
189;0
190;0
191;0
192;1
193;0
194;0
195;0
196;0
197;1
198;1
199;1
200;1
201;1
202;1
203;0
204;0
205;0
206;0
207;0
208;1
209;1
210;0
211;1
212;1
213;0
214;0
215;1
216;0
217;0
218;0
219;0
220;0
221;1
222;0
223;1
224;1
225;1
226;0
227;1
228;0
229;0
230;1
231;1
232;0
233;0
234;1
235;1
236;0
237;0
238;0
239;1
240;0
241;1
242;1
243;0
244;0
245;0
246;1
247;1
248;0
249;0
250;1
251;0
252;0
253;1
254;1
255;1
256;0
257;1
258;1
259;0
260;1
261;0
262;1
263;1
264;1
265;1
266;0
267;1
268;1
269;0
270;1
271;1
272;1
273;0
274;1
275;1
276;1
277;1
278;1
279;1
280;1
281;0
282;0
283;0
284;0
285;1
286;1
287;1
288;1
289;1
290;1
291;0
292;1
293;1
294;1
295;1
296;1
297;1
298;1
299;0
300;1
301;1
302;0
303;1
304;0
305;1
306;1
307;0
308;0
309;0
310;1
311;0
312;0
313;1
314;0
315;0
316;0
317;1
318;1
319;1
320;0
321;1
322;0
323;0
324;0
325;1
326;1
327;0
328;1
329;1
330;1
331;1
332;0
333;1
334;0
335;0
336;1
337;0
338;1
339;0
340;1
341;1
342;0
343;1
344;1
345;1
346;1
347;1
348;1
349;1
350;1
351;1
352;0
353;1
354;1
355;1
356;0
357;0
358;1
359;1
360;0
361;0
362;0
363;0
364;0
365;0
366;0
367;0
368;0
369;0
370;1
371;1
372;0
373;1
374;1
375;1
376;1
377;1
378;1
379;1
380;1
381;0
382;1
383;0
384;1
385;1
386;0
387;1
388;0
389;1
390;1
391;1
392;1
393;1
394;1
395;1
396;1
397;1
398;1
399;1
400;1
401;0
402;1
403;1
404;1
405;1
406;1
407;1
408;1
409;1
410;1
411;0
412;0
413;0
414;0
415;0
416;1
417;1
418;1
419;0
420;1
421;1
422;1
423;1
424;0
425;1
426;0
427;1
428;1
429;1
430;0
431;0
432;1
433;0
434;1
435;1
436;1
437;1
438;1
439;0
440;0
441;0
442;1
443;1
444;1
445;0
446;0
447;0
448;0
449;0
450;0
451;0
452;0
453;0
454;0
455;1
456;0
457;0
458;1
459;1
460;1
461;0
462;1
463;0
464;0
465;1
466;1
467;0
468;1
469;1
470;1
471;1
472;1
473;1
474;1
475;1
476;0
477;1
478;1
479;0
480;1
481;1
482;1
483;1
484;1
485;0
486;1
487;1
488;0
489;0
490;0
491;0
492;0
493;0
494;0
495;0
496;1
497;0
498;0
499;0
500;1
501;0
502;1
503;1
504;0
505;0
506;0
507;0
508;0
509;0
510;1
511;1
512;1
513;1
514;0
515;0
516;1
517;1
518;0
519;1
520;0
521;0
522;1
523;0
524;0
525;0
526;1
527;1
528;0
529;0
530;0
531;0
532;0
533;1
534;0
535;0
536;1
537;1
538;1
539;1
540;1
541;1
542;1
543;1
544;1
545;0
546;1
547;1
548;1
549;1
550;1
551;0
552;0
553;0
554;1
555;1
556;0
557;0
558;1
559;0
560;1
561;0
562;1
563;1
564;1
565;1
566;0
567;1
568;1
569;1
570;1
571;0
572;1
573;0
574;1
575;1
576;1
577;1
578;0
579;0
580;1
581;1
582;0
583;1
584;1
585;1
586;1
587;1
588;1
589;1
590;0
591;0
592;1
593;1
594;1
595;1
596;1
597;0
598;1
599;1
600;1
601;1
602;0
603;1
604;1
605;1
606;0
607;1
608;1
609;0
610;0
611;0
612;0
613;0
614;1
615;0
616;0
617;0
618;0
619;0
620;0
621;0
622;0
623;0
624;1
625;0
626;1
627;0
628;1
629;0
630;1
631;0
632;1
633;1
634;1
635;1
636;1
637;0
638;1
639;1
640;1
641;0
642;1
643;1
644;1
645;0
646;0
647;0
648;0
649;1
650;1
651;0
652;0
653;0
654;0
655;1
656;0
657;1
658;1
659;1
660;0
661;1
662;1
663;0
664;1
665;1
666;1
667;1
668;0
669;1
670;0
671;1
672;0
673;1
674;0
675;0
676;1
677;1
678;1
679;1
680;0
681;1
682;1
683;0
684;1
685;1
686;1
687;1
688;0
689;0
690;1
691;0
692;1
693;0
694;1
695;1
696;1
697;1
698;1
699;1
700;0
701;1
702;1
703;0
704;1
705;0
706;0
707;1
708;0
709;1
710;1
711;1
712;1
713;1
714;1
715;0
716;0
717;0
718;0
719;0
720;1
721;0
722;1
723;0
724;1
725;0
726;1
727;0
728;1
729;0
730;1
731;1
732;1
733;1
734;1
735;1
736;1
737;0
738;1
739;0
740;1
741;0
742;1
743;1
744;1
745;0
746;0
747;0
748;0
749;0
750;0
751;1
752;1
753;1
754;1
755;0
756;1
757;0
758;0
759;0
760;0
761;1
762;0
763;1
764;0
765;0
766;0
767;1
768;0
769;1
770;0
771;1
772;0
773;1
774;0
775;1
776;0
777;1
778;0
779;0
780;1
781;0
782;0
783;0
784;0
785;1
786;1
787;1
788;1
789;0
790;1
791;1
792;1
793;1
794;0
795;0
796;1
797;1
798;1
799;1
800;1
801;1
802;1
803;1
804;0
805;0
806;1
807;0
808;0
809;1
810;1
811;1
812;1
813;0
814;0
815;1
816;1
817;1
818;1
819;1
820;0
821;1
822;1
823;0
824;1
825;1
826;0
827;1
828;1
829;1
830;1
831;0
832;0
833;0
834;0
835;1
836;1
837;1
838;1
839;1
840;0
841;1
842;1
843;1
844;1
845;1
846;1
847;1
848;1
849;0
850;1
851;1
852;1
853;1
854;1
855;1
856;1
857;1
858;1
859;1
860;1
861;1
862;1
863;1
864;1
865;1
866;0
867;1
868;0
869;0
870;0
871;0
872;0
873;1
874;1
875;1
876;1
877;1
878;1
879;1
880;1
881;1
882;1
883;0
884;1
885;0
886;1
887;1
888;0
889;1
890;1
891;1
892;1
893;0
894;0
895;1
896;1
897;0
898;0
899;1
900;1
901;0
902;0
903;1
904;1
905;1
906;1
907;0
908;0
909;0
910;1
911;0
912;1
913;0
914;1
915;0
916;1
917;0
918;1
919;0
920;1
921;0
922;1
923;1
924;1
925;1
926;0
927;0
928;0
929;0
930;0
931;1
932;0
933;1
934;0
935;0
936;1
937;1
938;1
939;1
940;0
941;1
942;1
943;1
944;0
945;1
946;0
947;0
948;0
949;1
950;1
951;1
952;1
953;1
954;0
955;1
956;0
957;1
958;0
959;1
960;0
961;0
962;1
963;1
964;1
965;1
966;0
967;0
968;0
969;1
970;1
971;0
972;0
973;1
974;1
975;0
976;0
977;0
978;0
979;0
980;1
981;0
982;0
983;1
984;0
985;0
986;0
987;0
988;0
989;0
990;0
991;0
992;1
993;1
994;1
995;1
996;0
997;1
998;1
999;1
1000;0
1001;1
1002;0
1003;0
1004;0
1005;1
1006;0
1007;0
1008;0
1009;1
1010;0
1011;1
1012;0
1013;1
1014;0
1015;0
1016;0
1017;0
1018;0
1019;1
1020;0
1021;1
1022;1
1023;0
1024;0
1025;1
1026;1
1027;0
1028;0
1029;1
1030;1
1031;1
1032;1
1033;1
1034;1
1035;1
1036;1
1037;0
1038;0
1039;1
1040;0
1041;0
1042;0
1043;0
1044;0
1045;0
1046;0
1047;1
1048;1
1049;0
1050;0
1051;0
1052;0
1053;0
1054;0
1055;1
1056;1
1057;0
1058;0
1059;0
1060;1
1061;1
1062;0
1063;1
1064;1
1065;0
1066;0
1067;0
1068;0
1069;0
1070;1
1071;0
1072;0
1073;0
1074;1
1075;1
1076;1
1077;0
1078;1
1079;1
1080;0
1081;1
1082;0
1083;1
1084;0
1085;1
1086;1
1087;0
1088;1
1089;0
1090;1
1091;1
1092;1
1093;1
1094;1
1095;0
1096;1
1097;0
1098;1
1099;1
1100;1
1101;0
1102;1
1103;0
1104;1
1105;0
1106;1
1107;0
1108;1
1109;0
1110;0
1111;0
1112;0
1113;1
1114;0
1115;0
1116;1
1117;0
1118;1
1119;1
1120;1
1121;1
1122;1
1123;0
1124;1
1125;1
1126;0
1127;1
1128;1
1129;1
1130;1
1131;1
1132;1
1133;1
1134;0
1135;0
1136;1
1137;1
1138;1
1139;0
1140;1
1141;0
1142;1
1143;0
1144;1
1145;1
1146;1
1147;1
1148;1
1149;1
1150;0
1151;0
1152;1
1153;0
1154;1
1155;1
1156;1
1157;1
1158;1
1159;1
1160;1
1161;0
1162;1
1163;1
1164;1
1165;0
1166;1
1167;1
1168;1
1169;0
1170;1
1171;1
1172;1
1173;0
1174;0
1175;1
1176;1
1177;1
1178;0
1179;0
1180;1
1181;1
1182;1
1183;1
1184;1
1185;1
1186;0
1187;1
1188;0
1189;1
1190;0
1191;0
1192;1
1193;1
1194;1
1195;0
1196;1
1197;1
1198;1
1199;1
1200;1
1201;0
1202;0
1203;1
1204;0
1205;1
1206;0
1207;0
1208;1
1209;0
1210;0
1211;0
1212;1
1213;0
1214;1
1215;1
1216;0
1217;0
1218;0
1219;1
1220;0
1221;1
1222;0
1223;0
1224;0
1225;0
1226;0
1227;0
1228;1
1229;1
1230;0
1231;1
1232;0
1233;1
1234;1
1235;1
1236;0
1237;0
1238;0
1239;1
1240;1
1241;1
1242;1
1243;1
1244;0
1245;0
1246;0
1247;1
1248;0
1249;1
1250;1
1251;0
1252;1
1253;1
1254;0
1255;0
1256;1
1257;0
1258;0
1259;1
1260;1
1261;0
1262;0
1263;0
1264;0
1265;1
1266;1
1267;1
1268;1
1269;1
1270;1
1271;1
1272;0
1273;0
1274;0
1275;1
1276;0
1277;1
1278;0
1279;1
1280;0
1281;0
1282;0
1283;1
1284;1
1285;0
1286;1
1287;0
1288;1
1289;0
1290;0
1291;1
1292;0
1293;0
1294;1
1295;1
1296;0
1297;1
1298;0
1299;0
1300;1
1301;1
1302;1
1303;1
1304;1
1305;1
1306;1
1307;0
1308;1
1309;0
1310;0
1311;0
1312;1
1313;1
1314;0
1315;1
1316;1
1317;1
1318;0
1319;0
1320;0
1321;1
1322;0
1323;0
1324;1
1325;0
1326;1
1327;1
1328;1
1329;1
1330;1
1331;0
1332;1
1333;1
1334;0
1335;1
1336;1
1337;0
1338;0
1339;1
1340;1
1341;0
1342;1
1343;0
1344;0
1345;1
1346;1
1347;0
1348;1
1349;1
1350;1
1351;1
1352;0
1353;0
1354;1
1355;1
1356;1
1357;1
1358;1
1359;1
1360;0
1361;0
1362;1
1363;0
1364;0
1365;1
1366;0
1367;0
1368;1
1369;1
1370;1
1371;1
1372;0
1373;0
1374;0
1375;0
1376;0
1377;0
1378;0
1379;1
1380;0
1381;1
1382;1
1383;1
1384;1
1385;1
1386;1
1387;1
1388;0
1389;0
1390;0
1391;0
1392;0
1393;0
1394;0
1395;0
1396;0
1397;0
1398;0
1399;0
1400;0
1401;0
1402;1
1403;0
1404;0
1405;1
1406;0
1407;1
1408;0
1409;0
1410;1
1411;1
1412;0
1413;1
1414;1
1415;0
1416;1
1417;1
1418;0
1419;1
1420;1
1421;1
1422;0
1423;1
1424;0
1425;0
1426;0
1427;0
1428;1
1429;1
1430;0
1431;1
1432;0
1433;1
1434;0
1435;1
1436;0
1437;0
1438;0
1439;0
1440;1
1441;0
1442;0
1443;0
1444;1
1445;0
1446;1
1447;0
1448;0
1449;0
1450;0
1451;0
1452;0
1453;1
1454;1
1455;0
1456;0
1457;0
1458;0
1459;1
1460;0
1461;0
1462;0
1463;0
1464;0
1465;0
1466;1
1467;1
1468;0
1469;0
1470;1
1471;0
1472;1
1473;0
1474;0
1475;0
1476;0
1477;1
1478;1
1479;0
1480;1
1481;1
1482;0
1483;0
1484;0
1485;0
1486;1
1487;1
1488;1
1489;0
1490;0
1491;0
1492;1
1493;1
1494;1
1495;1
1496;1
1497;0
1498;0
1499;0
1500;0
1501;0
1502;1
1503;0
1504;1
1505;1
1506;0
1507;0
1508;0
1509;0
1510;1
1511;0
1512;1
1513;1
1514;0
1515;0
1516;0
1517;0
1518;0
1519;1
1520;1
1521;0
1522;0
1523;1
1524;1
1525;1
1526;1
1527;1
1528;1
1529;1
1530;1
1531;0
1532;0
1533;0
1534;0
1535;0
1536;0
1537;0
1538;0
1539;1
1540;0
1541;0
1542;1
1543;0
1544;1
1545;1
1546;0
1547;1
1548;1
1549;1
1550;1
1551;1
1552;0
1553;1
1554;1
1555;1
1556;1
1557;0
1558;1
1559;1
1560;1
1561;1
1562;1
1563;0
1564;1
1565;1
1566;1
1567;0
1568;1
1569;1
1570;1
1571;1
1572;0
1573;1
1574;1
1575;1
1576;1
1577;1
1578;0
1579;0
1580;1
1581;1
1582;1
1583;0
1584;0
1585;1
1586;0
1587;0
1588;0
1589;0
1590;1
1591;1
1592;0
1593;1
1594;0
1595;1
1596;1
1597;0
1598;0
1599;1
1600;1
1601;0
1602;1
1603;1
1604;0
1605;0
1606;0
1607;1
1608;1
1609;1
1610;1
1611;0
1612;1
1613;0
1614;1
1615;1
1616;0
1617;1
1618;1
1619;1
1620;1
1621;1
1622;1
1623;1
1624;0
1625;1
1626;0
1627;1
1628;1
1629;0
1630;1
1631;0
1632;0
1633;0
1634;0
1635;0
1636;1
1637;1
1638;1
1639;0
1640;1
1641;1
1642;0
1643;0
1644;1
1645;1
1646;1
1647;1
1648;1
1649;1
1650;0
1651;0
1652;1
1653;0
1654;0
1655;0
1656;0
1657;0
1658;0
1659;0
1660;1
1661;1
1662;1
1663;1
1664;0
1665;1
1666;0
1667;1
1668;1
1669;1
1670;0
1671;1
1672;1
1673;1
1674;1
1675;0
1676;0
1677;1
1678;1
1679;1
1680;1
1681;1
1682;1
1683;1
1684;1
1685;0
1686;0
1687;0
1688;1
1689;0
1690;0
1691;0
1692;0
1693;1
1694;1
1695;1
1696;0
1697;1
1698;0
1699;0
1700;1
1701;1
1702;1
1703;1
1704;1
1705;0
1706;1
1707;1
1708;1
1709;0
1710;1
1711;0
1712;1
1713;0
1714;0
1715;1
1716;1
1717;1
1718;1
1719;0
1720;0
1721;1
1722;0
1723;1
1724;1
1725;0
1726;0
1727;1
1728;0
1729;1
1730;1
1731;1
1732;1
1733;1
1734;0
1735;1
1736;1
1737;1
1738;1
1739;0
1740;0
1741;0
1742;0
1743;0
1744;1
1745;1
1746;1
1747;1
1748;1
1749;1
1750;1
1751;0
1752;1
1753;1
1754;1
1755;0
1756;1
1757;1
1758;1
1759;1
1760;0
1761;1
1762;1
1763;1
1764;1
1765;0
1766;1
1767;0
1768;0
1769;0
1770;0
1771;0
1772;0
1773;0
1774;1
1775;0
1776;0
1777;1
1778;1
1779;0
1780;1
1781;1
1782;1
1783;1
1784;1
1785;0
1786;0
1787;1
1788;1
1789;1
1790;0
1791;1
1792;0
1793;0
1794;0
1795;0
1796;1
1797;0
1798;0
1799;1
1800;1
1801;0
1802;0
1803;0
1804;0
1805;1
1806;1
1807;1
1808;0
1809;1
1810;1
1811;0
1812;1
1813;1
1814;1
1815;1
1816;0
1817;0
1818;0
1819;0
1820;1
1821;1
1822;0
1823;1
1824;1
1825;0
1826;1
1827;1
1828;0
1829;1
1830;1
1831;0
1832;0
1833;1
1834;1
1835;1
1836;0
1837;1
1838;1
1839;1
1840;1
1841;1
1842;0
1843;1
1844;0
1845;0
1846;1
1847;1
1848;1
1849;1
1850;1
1851;0
1852;1
1853;0
1854;0
1855;1
1856;1
1857;1
1858;0
1859;0
1860;0
1861;0
1862;1
1863;0
1864;0
1865;1
1866;0
1867;0
1868;1
1869;1
1870;0
1871;0
1872;1
1873;1
1874;1
1875;1
1876;1
1877;1
1878;1
1879;1
1880;1
1881;1
1882;0
1883;1
1884;1
1885;0
1886;0
1887;1
1888;1
1889;1
1890;0
1891;1
1892;0
1893;0
1894;0
1895;0
1896;0
1897;1
1898;0
1899;0
1900;0
1901;1
1902;0
1903;0
1904;1
1905;1
1906;1
1907;0
1908;1
1909;1
1910;1
1911;1
1912;1
1913;1
1914;1
1915;0
1916;0
1917;1
1918;1
1919;1
1920;0
1921;1
1922;0
1923;1
1924;1
1925;0
1926;0
1927;1
1928;0
1929;0
1930;0
1931;0
1932;1
1933;1
1934;1
1935;1
1936;1
1937;0
1938;1
1939;0
1940;0
1941;0
1942;1
1943;0
1944;1
1945;0
1946;0
1947;1
1948;0
1949;0
1950;1
1951;1
1952;1
1953;1
1954;1
1955;1
1956;1
1957;1
1958;1
1959;1
1960;0
1961;1
1962;1
1963;1
1964;1
1965;0
1966;1
1967;1
1968;0
1969;0
1970;1
1971;0
1972;0
1973;1
1974;1
1975;0
1976;1
1977;1
1978;1
1979;0
1980;1
1981;1
1982;1
1983;0
1984;1
1985;1
1986;1
1987;1
1988;1
1989;0
1990;0
1991;0
1992;0
1993;1
1994;1
1995;0
1996;0
1997;1
1998;1
1999;0
2000;1
2001;1
2002;1
2003;0
2004;1
2005;1
2006;1
2007;0
2008;1
2009;0
2010;0
2011;1
2012;0
2013;0
2014;1
2015;0
2016;1
2017;1
2018;1
2019;1
2020;1
2021;1
2022;1
2023;0
2024;1
2025;1
2026;1
2027;1
2028;0
2029;1
2030;0
2031;0
2032;0
2033;1
2034;0
2035;0
2036;1
2037;0
2038;1
2039;0
2040;0
2041;1
2042;0
2043;0
2044;0
2045;0
2046;1
2047;1
2048;1
2049;1
2050;1
2051;0
2052;1
2053;0
2054;1
2055;1
2056;0
2057;1
2058;1
2059;1
2060;1
2061;1
2062;1
2063;1
2064;1
2065;0
2066;0
2067;1
2068;0
2069;1
2070;1
2071;0
2072;1
2073;1
2074;1
2075;1
2076;1
2077;1
2078;1
2079;0
2080;1
2081;1
2082;1
2083;1
2084;1
2085;0
2086;0
2087;1
2088;1
2089;1
2090;1
2091;1
2092;0
2093;1
2094;1
2095;0
2096;1
2097;1
2098;1
2099;0
2100;1
2101;1
2102;0
2103;1
2104;1
2105;1
2106;1
2107;1
2108;1
2109;0
2110;1
2111;1
2112;0
2113;1
2114;1
2115;0
2116;0
2117;1
2118;1
2119;1
2120;0
2121;1
2122;1
2123;0
2124;0
2125;0
2126;1
2127;1
2128;0
2129;0
2130;0
2131;1
2132;0
2133;0
2134;1
2135;0
2136;0
2137;1
2138;1
2139;1
2140;1
2141;1
2142;0
2143;1
2144;1
2145;0
2146;0
2147;1
2148;1
2149;0
2150;1
2151;1
2152;0
2153;0
2154;0
2155;0
2156;1
2157;0
2158;0
2159;1
2160;0
2161;1
2162;1
2163;1
2164;1
2165;0
2166;1
2167;1
2168;1
2169;0
2170;0
2171;1
2172;1
2173;1
2174;0
2175;1
2176;0
2177;0
2178;0
2179;0
2180;0
2181;1
2182;0
2183;0
2184;0
2185;1
2186;0
2187;1
2188;1
2189;1
2190;0
2191;0
2192;0
2193;1
2194;1
2195;0
2196;0
2197;0
2198;0
2199;0
2200;0
2201;0
2202;0
2203;0
2204;1
2205;0
2206;1
2207;1
2208;0
2209;0
2210;1
2211;0
2212;0
2213;1
2214;1
2215;0
2216;1
2217;1
2218;1
2219;0
2220;1
2221;1
2222;0
2223;1
2224;0
2225;1
2226;0
2227;0
2228;0
2229;0
2230;1
2231;0
2232;1
2233;1
2234;0
2235;1
2236;1
2237;0
2238;0
2239;0
2240;0
2241;0
2242;0
2243;1
2244;0
2245;0
2246;1
2247;0
2248;0
2249;0
2250;0
2251;1
2252;1
2253;1
2254;0
2255;1
2256;0
2257;0
2258;1
2259;1
2260;1
2261;0
2262;1
2263;1
2264;1
2265;0
2266;1
2267;1
2268;0
2269;1
2270;1
2271;0
2272;0
2273;0
2274;1
2275;1
2276;1
2277;1
2278;0
2279;1
2280;0
2281;0
2282;0
2283;1
2284;0
2285;1
2286;0
2287;1
2288;0
2289;1
2290;1
2291;0
2292;1
2293;1
2294;1
2295;0
2296;0
2297;0
2298;0
2299;1
2300;0
2301;1
2302;0
2303;1
2304;0
2305;1
2306;0
2307;1
2308;1
2309;0
2310;1
2311;1
2312;0
2313;1
2314;1
2315;1
2316;1
2317;1
2318;1
2319;1
2320;1
2321;0
2322;0
2323;1
2324;1
2325;1
2326;1
2327;1
2328;0
2329;1
2330;1
2331;0
2332;1
2333;1
2334;0
2335;1
2336;1
2337;1
2338;1
2339;1
2340;1
2341;1
2342;1
2343;1
2344;1
2345;0
2346;1
2347;1
2348;0
2349;1
2350;1
2351;1
2352;0
2353;1
2354;0
2355;1
2356;0
2357;0
2358;1
2359;1
2360;0
2361;1
2362;0
2363;0
2364;0
2365;1
2366;1
2367;1
2368;1
2369;1
2370;0
2371;1
2372;1
2373;1
2374;1
2375;0
2376;1
2377;0
2378;1
2379;1
2380;1
2381;1
2382;0
2383;1
2384;0
2385;1
2386;1
2387;0
2388;1
2389;1
2390;1
2391;1
2392;1
2393;0
2394;1
2395;1
2396;1
2397;0
2398;1
2399;1
2400;1
2401;0
2402;0
2403;0
2404;1
2405;1
2406;1
2407;1
2408;1
2409;1
2410;1
2411;1
2412;1
2413;1
2414;1
2415;1
2416;1
2417;1
2418;1
2419;0
2420;1
2421;1
2422;0
2423;0
2424;0
2425;1
2426;1
2427;1
2428;1
2429;0
2430;0
2431;0
2432;1
2433;0
2434;1
2435;1
2436;1
2437;1
2438;1
2439;1
2440;1
2441;1
2442;0
2443;1
2444;1
2445;1
2446;1
2447;0
2448;1
2449;0
2450;0
2451;0
2452;1
2453;1
2454;1
2455;1
2456;1
2457;1
2458;0
2459;1
2460;1
2461;0
2462;1
2463;1
2464;1
2465;1
2466;0
2467;1
2468;1
2469;1
2470;1
2471;1
2472;1
2473;1
2474;1
2475;1
2476;0
2477;1
2478;1
2479;1
2480;0
2481;1
2482;1
2483;1
2484;1
2485;1
2486;1
2487;1
2488;1
2489;1
2490;0
2491;0
2492;1
2493;1
2494;1
2495;1
2496;1
2497;1
2498;1
2499;1
2500;1
2501;0
2502;1
2503;1
2504;1
2505;0
2506;0
2507;0
2508;0
2509;0
2510;1
2511;1
2512;0
2513;0
2514;1
2515;1
2516;0
2517;1
2518;1
2519;0
2520;1
2521;0
2522;0
2523;0
2524;0
2525;0
2526;1
2527;1
2528;0
2529;0
2530;1
2531;1
2532;1
2533;0
2534;1
2535;0
2536;1
2537;1
2538;0
2539;0
2540;0
2541;1
2542;1
2543;1
2544;0
2545;1
2546;1
2547;0
2548;0
2549;1
2550;1
2551;1
2552;1
2553;1
2554;1
2555;0
2556;0
2557;1
2558;1
2559;1
2560;1
2561;1
2562;0
2563;1
2564;1
2565;0
2566;1
2567;0
2568;1
2569;0
2570;0
2571;1
2572;1
2573;0
2574;0
2575;0
2576;1
2577;0
2578;0
2579;0
2580;0
2581;0
2582;0
2583;0
2584;1
2585;1
2586;1
2587;1
2588;1
2589;0
2590;1
2591;0
2592;0
2593;1
2594;0
2595;0
2596;0
2597;1
2598;1
2599;1
2600;1
2601;0
2602;0
2603;0
2604;0
2605;0
2606;0
2607;1
2608;0
2609;1
2610;0
2611;1
2612;0
2613;1
2614;0
2615;1
2616;0
2617;1
2618;0
2619;0
2620;0
2621;1
2622;1
2623;1
2624;1
2625;0
2626;1
2627;1
2628;1
2629;0
2630;0
2631;1
2632;0
2633;0
2634;1
2635;0
2636;1
2637;0
2638;0
2639;0
2640;1
2641;1
2642;1
2643;0
2644;0
2645;0
2646;1
2647;0
2648;0
2649;0
2650;0
2651;1
2652;0
2653;0
2654;1
2655;0
2656;1
2657;1
2658;0
2659;0
2660;0
2661;1
2662;0
2663;0
2664;1
2665;1
2666;0
2667;1
2668;1
2669;1
2670;1
2671;1
2672;0
2673;0
2674;0
2675;0
2676;0
2677;0
2678;0
2679;0
2680;0
2681;0
2682;0
2683;1
2684;0
2685;0
2686;0
2687;0
2688;1
2689;0
2690;1
2691;0
2692;1
2693;0
2694;1
2695;0
2696;1
2697;1
2698;1
2699;0
2700;1
2701;1
2702;1
2703;1
2704;1
2705;1
2706;0
2707;1
2708;1
2709;0
2710;1
2711;1
2712;0
2713;0
2714;0
2715;0
2716;1
2717;1
2718;1
2719;1
2720;1
2721;1
2722;0
2723;1
2724;0
2725;1
2726;0
2727;1
2728;0
2729;0
2730;0
2731;1
2732;1
2733;0
2734;1
2735;1
2736;1
2737;0
2738;1
2739;0
2740;0
2741;1
2742;0
2743;0
2744;1
2745;0
2746;0
2747;1
2748;1
2749;1
2750;1
2751;0
2752;0
2753;0
2754;1
2755;1
2756;1
2757;0
2758;0
2759;0
2760;1
2761;0
2762;0
2763;1
2764;1
2765;1
2766;0
2767;1
2768;1
2769;1
2770;1
2771;1
2772;1
2773;0
2774;1
2775;1
2776;0
2777;0
2778;1
2779;0
2780;0
2781;0
2782;0
2783;0
2784;0
2785;1
2786;0
2787;0
2788;0
2789;0
2790;0
2791;1
2792;0
2793;1
2794;1
2795;0
2796;0
2797;1
2798;1
2799;1
2800;0
2801;1
2802;1
2803;1
2804;1
2805;1
2806;0
2807;1
2808;0
2809;1
2810;0
2811;1
2812;1
2813;1
2814;1
2815;0
2816;1
2817;0
2818;1
2819;1
2820;1
2821;0
2822;0
2823;1
2824;1
2825;1
2826;1
2827;0
2828;0
2829;1
2830;1
2831;1
2832;1
2833;1
2834;0
2835;0
2836;1
2837;1
2838;0
2839;0
2840;0
2841;1
2842;0
2843;1
2844;1
2845;1
2846;0
2847;1
2848;1
2849;1
2850;0
2851;1
2852;1
2853;0
2854;0
2855;1
2856;1
2857;1
2858;1
2859;1
2860;1
2861;1
2862;1
2863;1
2864;1
2865;1
2866;1
2867;0
2868;1
2869;1
2870;1
2871;0
2872;1
2873;0
2874;1
2875;1
2876;1
2877;1
2878;1
2879;1
2880;1
2881;1
2882;1
2883;1
2884;0
2885;1
2886;1
2887;1
2888;1
2889;1
2890;0
2891;1
2892;1
2893;1
2894;1
2895;1
2896;1
2897;1
2898;0
2899;0
2900;1
2901;1
2902;1
2903;1
2904;1
2905;0
2906;1
2907;0
2908;0
2909;1
2910;0
2911;0
2912;0
2913;0
2914;0
2915;1
2916;1
2917;0
2918;0
2919;1
2920;1
2921;0
2922;1
2923;0
2924;1
2925;0
2926;0
2927;0
2928;1
2929;0
2930;0
2931;1
2932;0
2933;0
2934;0
2935;0
2936;1
2937;0
2938;1
2939;1
2940;1
2941;0
2942;1
2943;1
2944;1
2945;0
2946;0
2947;0
2948;1
2949;1
2950;1
2951;0
2952;1
2953;0
2954;0
2955;1
2956;1
2957;1
2958;1
2959;1
2960;0
2961;1
2962;1
2963;0
2964;0
2965;0
2966;1
2967;1
2968;1
2969;1
2970;0
2971;1
2972;1
2973;1
2974;0
2975;1
2976;1
2977;0
2978;1
2979;1
2980;1
2981;1
2982;1
2983;1
2984;1
2985;1
2986;1
2987;1
2988;0
2989;0
2990;0
2991;1
2992;1
2993;1
2994;1
2995;0
2996;1
2997;0
2998;0
2999;1
3000;1
3001;0
3002;1
3003;1
3004;1
3005;1
3006;0
3007;1
3008;1
3009;1
3010;0
3011;1
3012;0
3013;1
3014;0
3015;0
3016;1
3017;1
3018;1
3019;1
3020;1
3021;1
3022;1
3023;1
3024;1
3025;1
3026;0
3027;1
3028;0
3029;1
3030;1
3031;1
3032;1
3033;1
3034;1
3035;0
3036;1
3037;1
3038;0
3039;1
3040;1
3041;1
3042;1
3043;0
3044;0
3045;0
3046;1
3047;1
3048;1
3049;0
3050;0
3051;1
3052;1
3053;0
3054;0
3055;1
3056;1
3057;0
3058;1
3059;1
3060;0
3061;1
3062;0
3063;0
3064;1
3065;1
3066;1
3067;1
3068;0
3069;0
3070;1
3071;1
3072;1
3073;0
3074;1
3075;0
3076;0
3077;0
3078;0
3079;0
3080;0
3081;1
3082;0
3083;1
3084;1
3085;1
3086;1
3087;0
3088;0
3089;0
3090;1
3091;1
3092;0
3093;1
3094;0
3095;1
3096;0
3097;0
3098;1
3099;0
3100;1
3101;0
3102;1
3103;1
3104;0
3105;1
3106;0
3107;1
3108;1
3109;1
3110;1
3111;1
3112;0
3113;1
3114;0
3115;1
3116;1
3117;1
3118;1
3119;1
3120;1
3121;1
3122;0
3123;1
3124;1
3125;1
3126;0
3127;0
3128;0
3129;0
3130;1
3131;1
3132;0
3133;1
3134;1
3135;1
3136;1
3137;0
3138;1
3139;1
3140;1
3141;1
3142;1
3143;1
3144;1
3145;1
3146;1
3147;0
3148;0
3149;1
3150;1
3151;1
3152;1
3153;1
3154;0
3155;1
3156;1
3157;1
3158;1
3159;0
3160;0
3161;1
3162;1
3163;1
3164;1
3165;0
3166;1
3167;1
3168;1
3169;1
3170;1
3171;1
3172;0
3173;0
3174;1
3175;1
3176;1
3177;0
3178;0
3179;1
3180;0
3181;0
3182;1
3183;1
3184;1
3185;1
3186;1
3187;1
3188;1
3189;1
3190;1
3191;1
3192;1
3193;0
3194;0
3195;1
3196;1
3197;1
3198;1
3199;1
3200;1
3201;0
3202;0
3203;1
3204;1
3205;1
3206;1
3207;0
3208;1
3209;1
3210;0
3211;1
3212;1
3213;0
3214;0
3215;1
3216;0
3217;1
3218;0
3219;1
3220;0
3221;0
3222;1
3223;0
3224;0
3225;1
3226;1
3227;1
3228;1
3229;1
3230;1
3231;1
3232;0
3233;0
3234;1
3235;1
3236;0
3237;1
3238;1
3239;1
3240;1
3241;1
3242;0
3243;1
3244;0
3245;0
3246;0
3247;0
3248;1
3249;1
3250;0
3251;1
3252;1
3253;0
3254;0
3255;0
3256;0
3257;0
3258;1
3259;0
3260;0
3261;0
3262;1
3263;0
3264;1
3265;0
3266;1
3267;1
3268;0
3269;1
3270;0
3271;0
3272;0
3273;1
3274;0
3275;1
3276;0
3277;0
3278;0
3279;0
3280;0
3281;1
3282;0
3283;1
3284;1
3285;0
3286;1
3287;1
3288;0
3289;0
3290;0
3291;1
3292;1
3293;0
3294;1
3295;0
3296;1
3297;1
3298;0
3299;0
3300;0
3301;0
3302;0
3303;0
3304;0
3305;1
3306;0
3307;0
3308;0
3309;1
3310;0
3311;1
3312;0
3313;0
3314;1
3315;0
3316;1
3317;1
3318;1
3319;1
3320;1
3321;1
3322;0
3323;1
3324;0
3325;0
3326;1
3327;0
3328;1
3329;0
3330;0
3331;0
3332;1
3333;1
3334;1
3335;1
3336;1
3337;1
3338;1
3339;1
3340;0
3341;1
3342;1
3343;1
3344;0
3345;0
3346;1
3347;0
3348;1
3349;0
3350;0
3351;1
3352;0
3353;0
3354;0
3355;1
3356;1
3357;0
3358;1
3359;1
3360;1
3361;0
3362;1
3363;0
3364;0
3365;0
3366;0
3367;0
3368;1
3369;0
3370;1
3371;1
3372;0
3373;1
3374;0
3375;0
3376;1
3377;1
3378;0
3379;1
3380;0
3381;1
3382;0
3383;1
3384;1
3385;0
3386;1
3387;0
3388;0
3389;1
3390;1
3391;1
3392;1
3393;0
3394;0
3395;0
3396;1
3397;0
3398;1
3399;0
3400;1
3401;1
3402;0
3403;0
3404;1
3405;1
3406;1
3407;1
3408;1
3409;1
3410;0
3411;0
3412;0
3413;0
3414;1
3415;0
3416;1
3417;1
3418;0
3419;0
3420;1
3421;1
3422;1
3423;1
3424;1
3425;0
3426;1
3427;0
3428;0
3429;1
3430;1
3431;1
3432;1
3433;0
3434;1
3435;0
3436;1
3437;1
3438;1
3439;0
3440;0
3441;0
3442;0
3443;0
3444;1
3445;0
3446;1
3447;1
3448;0
3449;1
3450;0
3451;1
3452;0
3453;0
3454;0
3455;1
3456;0
3457;1
3458;1
3459;0
3460;1
3461;0
3462;0
3463;1
3464;1
3465;1
3466;0
3467;1
3468;0
3469;1
3470;1
3471;0
3472;1
3473;1
3474;1
3475;1
3476;0
3477;0
3478;0
3479;0
3480;0
3481;0
3482;1
3483;1
3484;1
3485;1
3486;1
3487;1
3488;0
3489;1
3490;0
3491;0
3492;1
3493;1
3494;1
3495;1
3496;1
3497;0
3498;1
3499;1
3500;0
3501;0
3502;0
3503;1
3504;1
3505;0
3506;0
3507;1
3508;1
3509;1
3510;1
3511;1
3512;1
3513;0
3514;0
3515;0
3516;0
3517;1
3518;1
3519;0
3520;1
3521;0
3522;0
3523;1
3524;0
3525;0
3526;0
3527;1
3528;1
3529;0
3530;0
3531;0
3532;0
3533;1
3534;1
3535;1
3536;1
3537;1
3538;0
3539;0
3540;0
3541;1
3542;1
3543;0
3544;0
3545;1
3546;0
3547;0
3548;1
3549;1
3550;1
3551;1
3552;0
3553;1
3554;0
3555;1
3556;0
3557;0
3558;1
3559;1
3560;0
3561;1
3562;0
3563;0
3564;1
3565;1
3566;1
3567;0
3568;0
3569;1
3570;0
3571;1
3572;0
3573;0
3574;1
3575;1
3576;1
3577;1
3578;0
3579;1
3580;1
3581;1
3582;1
3583;1
3584;0
3585;1
3586;1
3587;1
3588;1
3589;0
3590;0
3591;0
3592;1
3593;1
3594;0
3595;0
3596;0
3597;0
3598;0
3599;1
3600;0
3601;0
3602;1
3603;0
3604;1
3605;0
3606;1
3607;1
3608;0
3609;0
3610;0
3611;1
3612;1
3613;0
3614;0
3615;1
3616;1
3617;1
3618;1
3619;0
3620;1
3621;0
3622;0
3623;0
3624;0
3625;1
3626;0
3627;0
3628;1
3629;0
3630;1
3631;0
3632;0
3633;1
3634;0
3635;1
3636;0
3637;0
3638;0
3639;0
3640;0
3641;0
3642;0
3643;0
3644;0
3645;0
3646;0
3647;1
3648;1
3649;0
3650;0
3651;0
3652;0
3653;0
3654;0
3655;0
3656;1
3657;0
3658;0
3659;0
3660;1
3661;1
3662;0
3663;0
3664;1
3665;0
3666;1
3667;0
3668;0
3669;1
3670;0
3671;1
3672;0
3673;0
3674;0
3675;0
3676;1
3677;0
3678;1
3679;1
3680;1
3681;1
3682;1
3683;0
3684;0
3685;0
3686;1
3687;1
3688;1
3689;1
3690;0
3691;0
3692;1
3693;1
3694;0
3695;1
3696;0
3697;1
3698;0
3699;1
3700;0
3701;0
3702;0
3703;0
3704;1
3705;1
3706;0
3707;1
3708;1
3709;1
3710;1
3711;1
3712;0
3713;1
3714;0
3715;1
3716;1
3717;0
3718;0
3719;1
3720;0
3721;1
3722;1
3723;0
3724;0
3725;1
3726;1
3727;0
3728;0
3729;1
3730;1
3731;0
3732;1
3733;0
3734;1
3735;0
3736;1
3737;1
3738;1
3739;1
3740;1
3741;1
3742;1
3743;1
3744;1
3745;1
3746;1
3747;0
3748;0
3749;0
3750;0
3751;0
3752;0
3753;0
3754;0
3755;1
3756;1
3757;1
3758;1
3759;1
3760;0
3761;1
3762;0
3763;0
3764;1
3765;0
3766;1
3767;1
3768;0
3769;1
3770;1
3771;1
3772;1
3773;0
3774;1
3775;1
3776;1
3777;1
3778;1
3779;0
3780;1
3781;0
3782;1
3783;0
3784;0
3785;1
3786;1
3787;0
3788;0
3789;1
3790;0
3791;1
3792;0
3793;0
3794;1
3795;1
3796;1
3797;0
3798;1
3799;0
3800;1
3801;1
3802;0
3803;1
3804;1
3805;1
3806;0
3807;1
3808;0
3809;0
3810;0
3811;1
3812;0
3813;1
3814;1
3815;1
3816;1
3817;1
3818;1
3819;1
3820;1
3821;1
3822;1
3823;0
3824;0
3825;0
3826;1
3827;1
3828;1
3829;1
3830;0
3831;1
3832;1
3833;1
3834;1
3835;1
3836;0
3837;0
3838;0
3839;0
3840;1
3841;1
3842;0
3843;0
3844;1
3845;0
3846;1
3847;0
3848;0
3849;0
3850;0
3851;1
3852;0
3853;1
3854;1
3855;0
3856;1
3857;0
3858;0
3859;0
3860;1
3861;0
3862;1
3863;0
3864;0
3865;1
3866;1
3867;1
3868;1
3869;1
3870;1
3871;1
3872;0
3873;1
3874;1
3875;0
3876;0
3877;1
3878;1
3879;1
3880;1
3881;1
3882;1
3883;0
3884;1
3885;1
3886;1
3887;0
3888;1
3889;0
3890;0
3891;1
3892;0
3893;0
3894;1
3895;0
3896;0
3897;1
3898;1
3899;1
3900;1
3901;0
3902;0
3903;0
3904;1
3905;1
3906;1
3907;1
3908;0
3909;0
3910;1
3911;1
3912;0
3913;0
3914;1
3915;0
3916;1
3917;1
3918;1
3919;1
3920;0
3921;0
3922;0
3923;1
3924;1
3925;1
3926;0
3927;1
3928;1
3929;1
3930;1
3931;1
3932;1
3933;1
3934;0
3935;1
3936;0
3937;1
3938;1
3939;1
3940;1
3941;0
3942;1
3943;1
3944;1
3945;1
3946;1
3947;0
3948;0
3949;1
3950;0
3951;0
3952;1
3953;1
3954;1
3955;1
3956;1
3957;1
3958;1
3959;1
3960;1
3961;0
3962;0
3963;0
3964;1
3965;0
3966;1
3967;1
3968;1
3969;0
3970;0
3971;1
3972;1
3973;0
3974;1
3975;1
3976;1
3977;0
3978;1
3979;0
3980;1
3981;0
3982;0
3983;1
3984;1
3985;0
3986;1
3987;1
3988;0
3989;1
3990;1
3991;1
3992;1
3993;1
3994;1
3995;1
3996;0
3997;0
3998;1
3999;0
4000;1
4001;0
4002;0
4003;0
4004;0
4005;0
4006;0
4007;1
4008;0
4009;1
4010;1
4011;0
4012;1
4013;1
4014;1
4015;0
4016;1
4017;1
4018;0
4019;1
4020;1
4021;1
4022;1
4023;1
4024;1
4025;0
4026;1
4027;0
4028;0
4029;1
4030;1
4031;1
4032;0
4033;0
4034;1
4035;1
4036;0
4037;1
4038;0
4039;1
4040;1
4041;0
4042;1
4043;1
4044;1
4045;1
4046;1
4047;0
4048;1
4049;1
4050;1
4051;1
4052;0
4053;1
4054;1
4055;1
4056;1
4057;0
4058;1
4059;1
4060;1
4061;1
4062;0
4063;0
4064;0
4065;1
4066;1
4067;1
4068;0
4069;1
4070;1
4071;0
4072;1
4073;0
4074;1
4075;1
4076;1
4077;0
4078;1
4079;0
4080;0
4081;0
4082;0
4083;0
4084;0
4085;0
4086;0
4087;1
4088;0
4089;0
4090;0
4091;0
4092;0
4093;1
4094;1
4095;1
4096;0
4097;0
4098;1
4099;0
4100;0
4101;1
4102;1
4103;1
4104;0
4105;0
4106;0
4107;1
4108;0
4109;1
4110;1
4111;1
4112;1
4113;0
4114;0
4115;0
4116;1
4117;0
4118;0
4119;1
4120;0
4121;1
4122;1
4123;1
4124;1
4125;1
4126;0
4127;0
4128;0
4129;0
4130;0
4131;0
4132;1
4133;1
4134;1
4135;0
4136;0
4137;0
4138;1
4139;1
4140;1
4141;0
4142;1
4143;0
4144;0
4145;0
4146;1
4147;1
4148;0
4149;1
4150;1
4151;0
4152;1
4153;1
4154;1
4155;1
4156;0
4157;0
4158;1
4159;0
4160;1
4161;1
4162;1
4163;1
4164;1
4165;1
4166;1
4167;1
4168;1
4169;0
4170;0
4171;0
4172;1
4173;0
4174;0
4175;1
4176;0
4177;0
4178;1
4179;0
4180;1
4181;1
4182;1
4183;0
4184;0
4185;0
4186;1
4187;0
4188;0
4189;0
4190;0
4191;0
4192;0
4193;1
4194;0
4195;1
4196;1
4197;0
4198;1
4199;0
4200;1
4201;1
4202;0
4203;1
4204;1
4205;1
4206;1
4207;0
4208;1
4209;0
4210;0
4211;0
4212;0
4213;0
4214;0
4215;1
4216;0
4217;0
4218;0
4219;0
4220;0
4221;0
4222;1
4223;1
4224;1
4225;0
4226;0
4227;0
4228;0
4229;0
4230;0
4231;0
4232;0
4233;0
4234;0
4235;0
4236;0
4237;0
4238;1
4239;0
4240;0
4241;0
4242;0
4243;1
4244;0
4245;1
4246;1
4247;0
4248;0
4249;0
4250;0
4251;1
4252;1
4253;0
4254;0
4255;1
4256;1
4257;0
4258;0
4259;1
4260;0
4261;0
4262;1
4263;1
4264;1
4265;0
4266;0
4267;0
4268;1
4269;1
4270;1
4271;0
4272;0
4273;1
4274;1
4275;1
4276;1
4277;1
4278;1
4279;1
4280;1
4281;1
4282;1
4283;0
4284;1
4285;0
4286;0
4287;0
4288;1
4289;1
4290;1
4291;0
4292;1
4293;0
4294;1
4295;1
4296;1
4297;1
4298;1
4299;0
4300;1
4301;1
4302;0
4303;1
4304;1
4305;1
4306;1
4307;0
4308;1
4309;1
4310;0
4311;1
4312;0
4313;0
4314;1
4315;1
4316;0
4317;1
4318;1
4319;0
4320;1
4321;1
4322;0
4323;1
4324;0
4325;1
4326;1
4327;1
4328;1
4329;0
4330;0
4331;1
4332;1
4333;0
4334;0
4335;0
4336;1
4337;0
4338;0
4339;1
4340;0
4341;1
4342;1
4343;0
4344;1
4345;1
4346;1
4347;0
4348;0
4349;0
4350;1
4351;0
4352;1
4353;1
4354;1
4355;1
4356;0
4357;1
4358;1
4359;1
4360;1
4361;1
4362;0
4363;1
4364;0
4365;1
4366;1
4367;0
4368;1
4369;1
4370;1
4371;1
4372;0
4373;1
4374;1
4375;1
4376;1
4377;0
4378;1
4379;0
4380;1
4381;0
4382;0
4383;1
4384;0
4385;1
4386;0
4387;0
4388;0
4389;1
4390;1
4391;1
4392;0
4393;0
4394;1
4395;1
4396;1
4397;0
4398;0
4399;1
4400;1
4401;0
4402;0
4403;0
4404;1
4405;0
4406;1
4407;0
4408;1
4409;1
4410;1
4411;1
4412;1
4413;1
4414;1
4415;1
4416;1
4417;0
4418;1
4419;0
4420;0
4421;0
4422;0
4423;1
4424;1
4425;1
4426;1
4427;1
4428;0
4429;1
4430;1
4431;1
4432;1
4433;1
4434;1
4435;1
4436;0
4437;1
4438;1
4439;1
4440;0
4441;1
4442;1
4443;1
4444;1
4445;1
4446;1
4447;0
4448;0
4449;1
4450;1
4451;1
4452;0
4453;1
4454;1
4455;1
4456;1
4457;1
4458;1
4459;1
4460;0
4461;1
4462;0
4463;1
4464;0
4465;1
4466;1
4467;0
4468;0
4469;0
4470;0
4471;1
4472;1
4473;0
4474;1
4475;1
4476;1
4477;1
4478;1
4479;0
4480;0
4481;1
4482;0
4483;0
4484;1
4485;1
4486;0
4487;0
4488;1
4489;1
4490;0
4491;1
4492;1
4493;1
4494;1
4495;0
4496;0
4497;1
4498;1
4499;1
4500;1
4501;1
4502;1
4503;0
4504;1
4505;1
4506;0
4507;0
4508;0
4509;1
4510;1
4511;1
4512;0
4513;0
4514;0
4515;1
4516;1
4517;1
4518;1
4519;1
4520;0
4521;1
4522;1
4523;1
4524;1
4525;1
4526;1
4527;1
4528;0
4529;1
4530;0
4531;0
4532;0
4533;1
4534;0
4535;0
4536;1
4537;0
4538;0
4539;1
4540;1
4541;1
4542;0
4543;1
4544;0
4545;1
4546;1
4547;1
4548;1
4549;1
4550;1
4551;0
4552;1
4553;0
4554;1
4555;0
4556;0
4557;1
4558;0
4559;1
4560;0
4561;1
4562;1
4563;0
4564;0
4565;0
4566;1
4567;1
4568;1
4569;1
4570;1
4571;1
4572;0
4573;1
4574;1
4575;1
4576;1
4577;1
4578;1
4579;1
4580;1
4581;0
4582;0
4583;1
4584;1
4585;1
4586;1
4587;0
4588;0
4589;0
4590;1
4591;0
4592;1
4593;1
4594;1
4595;1
4596;1
4597;1
4598;1
4599;0
4600;0
4601;0
4602;1
4603;0
4604;1
4605;0
4606;1
4607;1
4608;0
4609;1
4610;0
4611;1
4612;1
4613;1
4614;1
4615;1
4616;1
4617;1
4618;0
4619;0
4620;0
4621;0
4622;1
4623;1
4624;1
4625;0
4626;1
4627;1
4628;1
4629;1
4630;0
4631;0
4632;1
4633;1
4634;0
4635;1
4636;1
4637;0
4638;0
4639;0
4640;1
4641;1
4642;1
4643;1
4644;1
4645;1
4646;0
4647;1
4648;0
4649;0
4650;1
4651;1
4652;0
4653;0
4654;1
4655;0
4656;1
4657;1
4658;1
4659;1
4660;1
4661;1
4662;1
4663;1
4664;0
4665;1
4666;0
4667;0
4668;1
4669;1
4670;0
4671;0
4672;1
4673;1
4674;1
4675;1
4676;1
4677;1
4678;0
4679;1
4680;1
4681;0
4682;1
4683;1
4684;0
4685;1
4686;0
4687;1
4688;1
4689;0
4690;1
4691;1
4692;0
4693;0
4694;0
4695;0
4696;1
4697;1
4698;1
4699;0
4700;0
4701;0
4702;1
4703;0
4704;0
4705;1
4706;0
4707;1
4708;0
4709;0
4710;1
4711;0
4712;0
4713;1
4714;0
4715;0
4716;0
4717;1
4718;0
4719;1
4720;1
4721;1
4722;0
4723;1
4724;1
4725;0
4726;0
4727;0
4728;0
4729;0
4730;1
4731;0
4732;0
4733;0
4734;0
4735;1
4736;0
4737;1
4738;1
4739;1
4740;0
4741;0
4742;1
4743;1
4744;0
4745;1
4746;0
4747;1
4748;0
4749;0
4750;1
4751;0
4752;0
4753;1
4754;0
4755;0
4756;1
4757;0
4758;1
4759;1
4760;1
4761;1
4762;1
4763;1
4764;1
4765;0
4766;1
4767;1
4768;0
4769;1
4770;0
4771;0
4772;1
4773;1
4774;0
4775;1
4776;0
4777;1
4778;1
4779;1
4780;1
4781;0
4782;0
4783;0
4784;0
4785;1
4786;0
4787;1
4788;1
4789;1
4790;0
4791;0
4792;0
4793;1
4794;0
4795;1
4796;1
4797;0
4798;0
4799;1
4800;1
4801;0
4802;1
4803;1
4804;0
4805;0
4806;0
4807;1
4808;1
4809;1
4810;1
4811;0
4812;1
4813;0
4814;1
4815;0
4816;1
4817;0
4818;1
4819;1
4820;1
4821;0
4822;1
4823;1
4824;1
4825;0
4826;1
4827;1
4828;1
4829;0
4830;0
4831;0
4832;1
4833;0
4834;0
4835;1
4836;1
4837;1
4838;0
4839;1
4840;1
4841;0
4842;1
4843;1
4844;0
4845;1
4846;0
4847;1
4848;1
4849;1
4850;1
4851;0
4852;0
4853;0
4854;1
4855;0
4856;0
4857;1
4858;1
4859;0
4860;0
4861;0
4862;1
4863;1
4864;1
4865;1
4866;0
4867;1
4868;1
4869;1
4870;0
4871;1
4872;1
4873;0
4874;0
4875;1
4876;1
4877;1
4878;1
4879;1
4880;0
4881;1
4882;0
4883;1
4884;1
4885;1
4886;0
4887;0
4888;0
4889;1
4890;1
4891;0
4892;1
4893;0
4894;0
4895;1
4896;0
4897;0
4898;0
4899;0
4900;1
4901;0
4902;0
4903;1
4904;1
4905;1
4906;1
4907;1
4908;1
4909;1
4910;0
4911;1
4912;1
4913;1
4914;0
4915;1
4916;0
4917;0
4918;1
4919;1
4920;1
4921;0
4922;1
4923;1
4924;0
4925;1
4926;1
4927;1
4928;1
4929;1
4930;0
4931;0
4932;1
4933;0
4934;0
4935;1
4936;0
4937;0
4938;0
4939;1
4940;1
4941;1
4942;1
4943;1
4944;1
4945;0
4946;1
4947;1
4948;1
4949;1
4950;1
4951;0
4952;1
4953;0
4954;0
4955;0
4956;1
4957;1
4958;0
4959;0
4960;0
4961;1
4962;0
4963;1
4964;0
4965;0
4966;0
4967;0
4968;0
4969;0
4970;0
4971;1
4972;0
4973;1
4974;0
4975;1
4976;1
4977;1
4978;1
4979;0
4980;1
4981;0
4982;1
4983;1
4984;1
4985;1
4986;0
4987;0
4988;1
4989;0
4990;1
4991;1
4992;0
4993;0
4994;0
4995;1
4996;0
4997;0
4998;1
4999;0
5000;1
5001;1
5002;1
5003;0
5004;1
5005;0
5006;1
5007;1
5008;1
5009;1
5010;0
5011;0
5012;1
5013;1
5014;0
5015;1
5016;1
5017;1
5018;0
5019;1
5020;1
5021;1
5022;1
5023;0
5024;1
5025;0
5026;0
5027;1
5028;1
5029;1
5030;0
5031;1
5032;1
5033;1
5034;1
5035;0
5036;0
5037;0
5038;1
5039;0
5040;0
5041;0
5042;1
5043;1
5044;1
5045;1
5046;1
5047;1
5048;0
5049;0
5050;1
5051;0
5052;1
5053;1
5054;1
5055;0
5056;0
5057;1
5058;1
5059;1
5060;1
5061;0
5062;1
5063;1
5064;0
5065;0
5066;1
5067;0
5068;0
5069;0
5070;1
5071;0
5072;1
5073;0
5074;1
5075;1
5076;0
5077;1
5078;1
5079;0
5080;1
5081;0
5082;0
5083;1
5084;0
5085;1
5086;0
5087;1
5088;1
5089;1
5090;0
5091;1
5092;1
5093;0
5094;1
5095;0
5096;0
5097;1
5098;1
5099;0
5100;1
5101;0
5102;1
5103;0
5104;1
5105;1
5106;1
5107;1
5108;0
5109;0
5110;1
5111;1
5112;1
5113;0
5114;0
5115;0
5116;1
5117;1
5118;1
5119;0
5120;1
5121;1
5122;0
5123;0
5124;1
5125;0
5126;0
5127;1
5128;0
5129;1
5130;0
5131;1
5132;1
5133;1
5134;1
5135;1
5136;1
5137;1
5138;0
5139;1
5140;1
5141;1
5142;0
5143;0
5144;0
5145;1
5146;1
5147;0
5148;0
5149;0
5150;1
5151;0
5152;1
5153;1
5154;0
5155;1
5156;1
5157;0
5158;1
5159;0
5160;0
5161;0
5162;1
5163;0
5164;1
5165;1
5166;1
5167;1
5168;0
5169;1
5170;1
5171;1
5172;1
5173;0
5174;1
5175;1
5176;1
5177;0
5178;0
5179;1
5180;0
5181;0
5182;1
5183;0
5184;0
5185;1
5186;0
5187;0
5188;0
5189;1
5190;1
5191;1
5192;1
5193;0
5194;0
5195;0
5196;0
5197;1
5198;1
5199;0
5200;0
5201;1
5202;1
5203;1
5204;1
5205;1
5206;1
5207;0
5208;0
5209;1
5210;1
5211;1
5212;1
5213;1
5214;1
5215;0
5216;0
5217;0
5218;0
5219;1
5220;1
5221;0
5222;1
5223;0
5224;1
5225;1
5226;0
5227;1
5228;1
5229;0
5230;1
5231;0
5232;0
5233;0
5234;1
5235;0
5236;1
5237;1
5238;1
5239;1
5240;1
5241;0
5242;1
5243;1
5244;1
5245;0
5246;0
5247;0
5248;1
5249;1
5250;0
5251;0
5252;0
5253;1
5254;1
5255;1
5256;1
5257;0
5258;0
5259;1
5260;1
5261;1
5262;1
5263;1
5264;0
5265;1
5266;0
5267;1
5268;1
5269;0
5270;0
5271;1
5272;0
5273;1
5274;1
5275;0
5276;0
5277;0
5278;0
5279;0
5280;1
5281;1
5282;1
5283;1
5284;1
5285;0
5286;1
5287;1
5288;1
5289;1
5290;1
5291;0
5292;1
5293;1
5294;1
5295;0
5296;0
5297;1
5298;1
5299;1
5300;1
5301;0
5302;1
5303;0
5304;0
5305;0
5306;1
5307;1
5308;0
5309;1
5310;1
5311;0
5312;1
5313;0
5314;1
5315;1
5316;0
5317;0
5318;1
5319;1
5320;1
5321;1
5322;1
5323;1
5324;0
5325;1
5326;0
5327;0
5328;1
5329;1
5330;0
5331;1
5332;0
5333;0
5334;1
5335;1
5336;1
5337;1
5338;1
5339;1
5340;0
5341;0
5342;1
5343;1
5344;0
5345;1
5346;1
5347;0
5348;1
5349;0
5350;0
5351;0
5352;0
5353;1
5354;1
5355;0
5356;0
5357;1
5358;1
5359;1
5360;1
5361;0
5362;0
5363;0
5364;1
5365;1
5366;1
5367;0
5368;1
5369;1
5370;0
5371;0
5372;1
5373;0
5374;1
5375;1
5376;0
5377;1
5378;1
5379;1
5380;1
5381;1
5382;1
5383;1
5384;1
5385;0
5386;0
5387;1
5388;1
5389;0
5390;1
5391;0
5392;1
5393;1
5394;1
5395;0
5396;1
5397;1
5398;1
5399;0
5400;0
5401;1
5402;0
5403;1
5404;1
5405;1
5406;1
5407;1
5408;1
5409;1
5410;0
5411;1
5412;1
5413;0
5414;0
5415;0
5416;0
5417;1
5418;1
5419;0
5420;0
5421;1
5422;1
5423;1
5424;0
5425;0
5426;1
5427;1
5428;0
5429;0
5430;0
5431;0
5432;1
5433;1
5434;0
5435;0
5436;1
5437;0
5438;1
5439;0
5440;1
5441;0
5442;1
5443;1
5444;0
5445;0
5446;1
5447;0
5448;1
5449;1
5450;1
5451;1
5452;0
5453;1
5454;1
5455;1
5456;0
5457;0
5458;1
5459;1
5460;1
5461;1
5462;1
5463;1
5464;1
5465;0
5466;1
5467;1
5468;0
5469;0
5470;1
5471;1
5472;1
5473;1
5474;1
5475;1
5476;1
5477;1
5478;1
5479;1
5480;1
5481;1
5482;0
5483;1
5484;0
5485;1
5486;0
5487;1
5488;1
5489;1
5490;1
5491;0
5492;1
5493;0
5494;0
5495;1
5496;0
5497;1
5498;0
5499;0
5500;0
5501;0
5502;0
5503;1
5504;0
5505;1
5506;0
5507;1
5508;1
5509;0
5510;1
5511;1
5512;1
5513;1
5514;1
5515;0
5516;1
5517;1
5518;1
5519;0
5520;0
5521;0
5522;1
5523;0
5524;1
5525;1
5526;0
5527;0
5528;1
5529;0
5530;1
5531;1
5532;0
5533;0
5534;1
5535;1
5536;0
5537;0
5538;0
5539;0
5540;1
5541;1
5542;1
5543;1
5544;1
5545;0
5546;1
5547;0
5548;1
5549;1
5550;1
5551;0
5552;1
5553;1
5554;1
5555;1
5556;0
5557;0
5558;1
5559;1
5560;0
5561;0
5562;0
5563;0
5564;0
5565;1
5566;1
5567;1
5568;1
5569;0
5570;1
5571;1
5572;0
5573;0
5574;0
5575;1
5576;1
5577;1
5578;1
5579;1
5580;0
5581;1
5582;0
5583;1
5584;1
5585;0
5586;0
5587;1
5588;1
5589;1
5590;1
5591;1
5592;1
5593;0
5594;0
5595;0
5596;1
5597;0
5598;1
5599;1
5600;1
5601;0
5602;1
5603;1
5604;0
5605;1
5606;1
5607;1
5608;1
5609;0
5610;0
5611;1
5612;0
5613;0
5614;1
5615;0
5616;0
5617;1
5618;1
5619;0
5620;1
5621;1
5622;1
5623;0
5624;1
5625;1
5626;1
5627;1
5628;0
5629;0
5630;1
5631;0
5632;1
5633;1
5634;0
5635;1
5636;0
5637;1
5638;1
5639;1
5640;1
5641;1
5642;0
5643;0
5644;1
5645;1
5646;1
5647;1
5648;1
5649;1
5650;0
5651;1
5652;1
5653;0
5654;1
5655;1
5656;0
5657;1
5658;1
5659;0
5660;1
5661;0
5662;1
5663;0
5664;1
5665;1
5666;0
5667;0
5668;0
5669;1
5670;1
5671;0
5672;1
5673;1
5674;1
5675;1
5676;0
5677;1
5678;0
5679;1
5680;1
5681;1
5682;1
5683;0
5684;1
5685;1
5686;1
5687;1
5688;1
5689;1
5690;0
5691;1
5692;1
5693;1
5694;0
5695;1
5696;0
5697;1
5698;1
5699;1
5700;1
5701;1
5702;1
5703;0
5704;1
5705;1
5706;1
5707;1
5708;1
5709;1
5710;0
5711;0
5712;0
5713;0
5714;1
5715;1
5716;1
5717;1
5718;0
5719;1
5720;0
5721;0
5722;0
5723;1
5724;1
5725;0
5726;1
5727;1
5728;1
5729;1
5730;0
5731;1
5732;1
5733;1
5734;0
5735;1
5736;1
5737;1
5738;1
5739;1
5740;1
5741;1
5742;0
5743;1
5744;1
5745;1
5746;0
5747;0
5748;1
5749;1
5750;0
5751;0
5752;1
5753;0
5754;0
5755;1
5756;0
5757;1
5758;0
5759;1
5760;0
5761;1
5762;1
5763;0
5764;1
5765;0
5766;0
5767;0
5768;1
5769;1
5770;1
5771;1
5772;1
5773;0
5774;1
5775;1
5776;0
5777;0
5778;1
5779;1
5780;1
5781;1
5782;1
5783;0
5784;1
5785;0
5786;1
5787;0
5788;0
5789;0
5790;1
5791;1
5792;1
5793;1
5794;1
5795;1
5796;0
5797;1
5798;1
5799;1
5800;1
5801;0
5802;0
5803;0
5804;1
5805;0
5806;1
5807;0
5808;0
5809;1
5810;0
5811;0
5812;1
5813;1
5814;1
5815;0
5816;0
5817;0
5818;0
5819;0
5820;0
5821;0
5822;0
5823;1
5824;1
5825;0
5826;0
5827;1
5828;1
5829;0
5830;0
5831;1
5832;0
5833;1
5834;0
5835;0
5836;1
5837;1
5838;0
5839;0
5840;1
5841;0
5842;1
5843;0
5844;0
5845;1
5846;0
5847;1
5848;0
5849;0
5850;1
5851;0
5852;0
5853;0
5854;0
5855;1
5856;1
5857;1
5858;1
5859;0
5860;0
5861;0
5862;0
5863;1
5864;1
5865;1
5866;0
5867;0
5868;1
5869;0
5870;0
5871;0
5872;0
5873;0
5874;0
5875;0
5876;1
5877;1
5878;0
5879;1
5880;1
5881;1
5882;1
5883;0
5884;1
5885;1
5886;1
5887;1
5888;1
5889;1
5890;0
5891;0
5892;0
5893;1
5894;1
5895;0
5896;0
5897;1
5898;1
5899;1
5900;0
5901;0
5902;0
5903;1
5904;0
5905;1
5906;1
5907;0
5908;1
5909;1
5910;1
5911;0
5912;0
5913;1
5914;0
5915;1
5916;1
5917;0
5918;1
5919;0
5920;0
5921;1
5922;1
5923;1
5924;1
5925;1
5926;1
5927;1
5928;1
5929;0
5930;1
5931;0
5932;0
5933;0
5934;1
5935;0
5936;0
5937;0
5938;1
5939;0
5940;0
5941;0
5942;0
5943;1
5944;1
5945;0
5946;0
5947;1
5948;1
5949;0
5950;1
5951;0
5952;1
5953;0
5954;1
5955;0
5956;1
5957;0
5958;1
5959;1
5960;0
5961;0
5962;0
5963;0
5964;1
5965;1
5966;1
5967;0
5968;0
5969;1
5970;1
5971;0
5972;1
5973;0
5974;1
5975;1
5976;1
5977;1
5978;1
5979;1
5980;1
5981;1
5982;0
5983;0
5984;1
5985;1
5986;0
5987;1
5988;1
5989;0
5990;1
5991;1
5992;1
5993;1
5994;1
5995;0
5996;0
5997;0
5998;0
5999;0
6000;1
6001;1
6002;0
6003;1
6004;1
6005;0
6006;0
6007;1
6008;0
6009;0
6010;1
6011;1
6012;1
6013;1
6014;1
6015;1
6016;1
6017;1
6018;0
6019;1
6020;0
6021;1
6022;1
6023;0
6024;1
6025;0
6026;0
6027;1
6028;1
6029;1
6030;1
6031;1
6032;1
6033;1
6034;1
6035;1
6036;1
6037;1
6038;1
6039;1
6040;1
6041;1
6042;0
6043;1
6044;1
6045;0
6046;1
6047;0
6048;1
6049;0
6050;0
6051;1
6052;1
6053;0
6054;1
6055;1
6056;0
6057;1
6058;1
6059;1
6060;0
6061;0
6062;1
6063;1
6064;1
6065;0
6066;1
6067;1
6068;1
6069;0
6070;0
6071;0
6072;1
6073;1
6074;0
6075;1
6076;1
6077;1
6078;1
6079;1
6080;1
6081;0
6082;0
6083;0
6084;0
6085;1
6086;1
6087;0
6088;0
6089;1
6090;1
6091;0
6092;1
6093;1
6094;1
6095;1
6096;0
6097;0
6098;0
6099;0
6100;0
6101;0
6102;1
6103;0
6104;1
6105;1
6106;1
6107;1
6108;1
6109;1
6110;0
6111;1
6112;0
6113;1
6114;0
6115;0
6116;0
6117;0
6118;1
6119;0
6120;1
6121;1
6122;0
6123;1
6124;1
6125;1
6126;1
6127;1
6128;1
6129;1
6130;0
6131;0
6132;0
6133;1
6134;0
6135;1
6136;0
6137;0
6138;1
6139;0
6140;1
6141;1
6142;1
6143;0
6144;1
6145;0
6146;1
6147;0
6148;0
6149;0
6150;0
6151;0
6152;1
6153;0
6154;0
6155;1
6156;0
6157;1
6158;0
6159;1
6160;1
6161;0
6162;1
6163;1
6164;0
6165;1
6166;0
6167;0
6168;0
6169;0
6170;0
6171;1
6172;1
6173;0
6174;0
6175;0
6176;0
6177;0
6178;0
6179;1
6180;0
6181;1
6182;0
6183;0
6184;1
6185;1
6186;1
6187;1
6188;0
6189;0
6190;0
6191;1
6192;0
6193;0
6194;1
6195;1
6196;0
6197;0
6198;1
6199;0
6200;1
6201;1
6202;1
6203;1
6204;1
6205;1
6206;1
6207;0
6208;1
6209;0
6210;1
6211;0
6212;1
6213;1
6214;1
6215;0
6216;1
6217;1
6218;1
6219;1
6220;0
6221;0
6222;0
6223;0
6224;0
6225;1
6226;1
6227;1
6228;0
6229;0
6230;0
6231;0
6232;1
6233;0
6234;1
6235;0
6236;0
6237;1
6238;1
6239;0
6240;1
6241;1
6242;1
6243;0
6244;1
6245;1
6246;0
6247;1
6248;1
6249;1
6250;1
6251;0
6252;1
6253;1
6254;1
6255;0
6256;1
6257;1
6258;0
6259;1
6260;0
6261;0
6262;1
6263;0
6264;0
6265;1
6266;0
6267;0
6268;0
6269;1
6270;0
6271;0
6272;1
6273;0
6274;0
6275;1
6276;0
6277;0
6278;0
6279;1
6280;1
6281;1
6282;1
6283;0
6284;1
6285;1
6286;1
6287;0
6288;1
6289;1
6290;1
6291;1
6292;0
6293;1
6294;1
6295;1
6296;1
6297;0
6298;0
6299;1
6300;0
6301;0
6302;1
6303;1
6304;0
6305;1
6306;1
6307;0
6308;0
6309;0
6310;1
6311;0
6312;0
6313;0
6314;0
6315;0
6316;1
6317;0
6318;1
6319;1
6320;1
6321;0
6322;0
6323;0
6324;0
6325;0
6326;1
6327;1
6328;1
6329;0
6330;0
6331;0
6332;1
6333;1
6334;0
6335;0
6336;0
6337;1
6338;0
6339;0
6340;1
6341;1
6342;1
6343;0
6344;1
6345;1
6346;0
6347;0
6348;1
6349;0
6350;0
6351;1
6352;1
6353;1
6354;0
6355;1
6356;0
6357;1
6358;0
6359;1
6360;0
6361;0
6362;0
6363;1
6364;1
6365;0
6366;1
6367;1
6368;1
6369;1
6370;1
6371;1
6372;1
6373;0
6374;0
6375;0
6376;0
6377;0
6378;1
6379;1
6380;1
6381;0
6382;0
6383;0
6384;1
6385;1
6386;0
6387;0
6388;1
6389;0
6390;0
6391;1
6392;1
6393;1
6394;0
6395;1
6396;0
6397;0
6398;1
6399;1
6400;0
6401;0
6402;1
6403;0
6404;1
6405;1
6406;0
6407;1
6408;0
6409;1
6410;1
6411;1
6412;0
6413;0
6414;1
6415;1
6416;0
6417;0
6418;0
6419;1
6420;1
6421;1
6422;0
6423;1
6424;0
6425;1
6426;0
6427;0
6428;1
6429;0
6430;1
6431;1
6432;1
6433;1
6434;1
6435;1
6436;0
6437;0
6438;1
6439;1
6440;0
6441;0
6442;0
6443;1
6444;1
6445;1
6446;1
6447;1
6448;1
6449;1
6450;1
6451;0
6452;1
6453;0
6454;0
6455;0
6456;0
6457;1
6458;0
6459;0
6460;0
6461;0
6462;1
6463;1
6464;1
6465;1
6466;0
6467;1
6468;0
6469;0
6470;0
6471;1
6472;0
6473;0
6474;1
6475;1
6476;0
6477;1
6478;0
6479;0
6480;1
6481;0
6482;1
6483;0
6484;1
6485;1
6486;0
6487;1
6488;0
6489;0
6490;1
6491;0
6492;1
6493;1
6494;0
6495;1
6496;1
6497;1
6498;1
6499;0
6500;1
6501;1
6502;1
6503;1
6504;0
6505;1
6506;0
6507;1
6508;1
6509;0
6510;1
6511;0
6512;1
6513;1
6514;0
6515;0
6516;1
6517;1
6518;0
6519;1
6520;1
6521;1
6522;0
6523;0
6524;1
6525;0
6526;0
6527;0
6528;0
6529;1
6530;0
6531;0
6532;0
6533;0
6534;1
6535;1
6536;0
6537;0
6538;0
6539;1
6540;1
6541;1
6542;0
6543;0
6544;1
6545;1
6546;1
6547;0
6548;1
6549;1
6550;0
6551;1
6552;1
6553;0
6554;0
6555;1
6556;1
6557;1
6558;1
6559;0
6560;0
6561;1
6562;1
6563;0
6564;0
6565;0
6566;0
6567;0
6568;1
6569;0
6570;0
6571;1
6572;1
6573;1
6574;0
6575;0
6576;1
6577;1
6578;1
6579;1
6580;0
6581;1
6582;0
6583;1
6584;0
6585;1
6586;1
6587;1
6588;1
6589;0
6590;1
6591;0
6592;1
6593;0
6594;0
6595;1
6596;0
6597;1
6598;0
6599;1
6600;1
6601;0
6602;1
6603;0
6604;0
6605;0
6606;1
6607;1
6608;1
6609;1
6610;0
6611;0
6612;1
6613;0
6614;0
6615;1
6616;0
6617;0
6618;0
6619;1
6620;1
6621;1
6622;1
6623;1
6624;1
6625;1
6626;1
6627;1
6628;1
6629;1
6630;0
6631;1
6632;1
6633;1
6634;0
6635;0
6636;1
6637;1
6638;1
6639;1
6640;0
6641;0
6642;0
6643;1
6644;1
6645;1
6646;1
6647;0
6648;1
6649;0
6650;1
6651;1
6652;0
6653;1
6654;1
6655;0
6656;0
6657;1
6658;0
6659;0
6660;0
6661;1
6662;0
6663;1
6664;0
6665;0
6666;1
6667;1
6668;1
6669;1
6670;0
6671;0
6672;0
6673;1
6674;1
6675;0
6676;0
6677;0
6678;1
6679;0
6680;1
6681;1
6682;0
6683;1
6684;0
6685;1
6686;1
6687;0
6688;0
6689;1
6690;1
6691;1
6692;0
6693;1
6694;1
6695;1
6696;1
6697;0
6698;1
6699;1
6700;1
6701;1
6702;1
6703;0
6704;0
6705;0
6706;1
6707;1
6708;0
6709;0
6710;1
6711;1
6712;1
6713;0
6714;1
6715;0
6716;1
6717;1
6718;1
6719;1
6720;1
6721;0
6722;1
6723;0
6724;0
6725;1
6726;0
6727;1
6728;0
6729;1
6730;0
6731;0
6732;0
6733;1
6734;0
6735;1
6736;1
6737;1
6738;0
6739;1
6740;0
6741;1
6742;1
6743;0
6744;1
6745;1
6746;1
6747;1
6748;1
6749;1
6750;0
6751;0
6752;0
6753;1
6754;1
6755;0
6756;0
6757;1
6758;1
6759;1
6760;0
6761;0
6762;1
6763;1
6764;0
6765;1
6766;1
6767;0
6768;1
6769;0
6770;1
6771;0
6772;1
6773;0
6774;1
6775;0
6776;0
6777;0
6778;0
6779;0
6780;1
6781;1
6782;1
6783;0
6784;1
6785;1
6786;1
6787;1
6788;0
6789;1
6790;1
6791;1
6792;0
6793;0
6794;0
6795;0
6796;0
6797;1
6798;1
6799;1
6800;0
6801;0
6802;0
6803;0
6804;0
6805;0
6806;0
6807;0
6808;0
6809;1
6810;1
6811;1
6812;1
6813;0
6814;0
6815;0
6816;0
6817;0
6818;0
6819;1
6820;0
6821;1
6822;0
6823;0
6824;1
6825;1
6826;0
6827;1
6828;1
6829;1
6830;1
6831;0
6832;0
6833;0
6834;0
6835;1
6836;0
6837;0
6838;0
6839;0
6840;0
6841;1
6842;1
6843;0
6844;1
6845;0
6846;0
6847;1
6848;1
6849;0
6850;1
6851;1
6852;0
6853;0
6854;0
6855;0
6856;0
6857;0
6858;1
6859;1
6860;1
6861;0
6862;1
6863;0
6864;1
6865;0
6866;1
6867;1
6868;0
6869;1
6870;1
6871;0
6872;1
6873;0
6874;0
6875;0
6876;1
6877;1
6878;1
6879;1
6880;0
6881;1
6882;1
6883;0
6884;0
6885;1
6886;0
6887;0
6888;0
6889;1
6890;1
6891;0
6892;1
6893;1
6894;1
6895;1
6896;1
6897;1
6898;1
6899;0
6900;1
6901;1
6902;0
6903;0
6904;1
6905;1
6906;0
6907;1
6908;1
6909;1
6910;1
6911;0
6912;1
6913;0
6914;0
6915;1
6916;1
6917;1
6918;1
6919;0
6920;1
6921;0
6922;1
6923;1
6924;0
6925;0
6926;0
6927;0
6928;1
6929;1
6930;1
6931;1
6932;1
6933;0
6934;0
6935;1
6936;0
6937;0
6938;1
6939;1
6940;0
6941;1
6942;1
6943;1
6944;1
6945;1
6946;0
6947;1
6948;1
6949;0
6950;0
6951;1
6952;1
6953;0
6954;0
6955;0
6956;1
6957;0
6958;1
6959;0
6960;0
6961;1
6962;0
6963;0
6964;1
6965;0
6966;1
6967;1
6968;1
6969;0
6970;0
6971;1
6972;1
6973;1
6974;0
6975;1
6976;0
6977;1
6978;1
6979;1
6980;0
6981;1
6982;1
6983;0
6984;1
6985;1
6986;0
6987;1
6988;0
6989;1
6990;0
6991;1
6992;0
6993;0
6994;0
6995;1
6996;0
6997;1
6998;1
6999;1
7000;0
7001;0
7002;1
7003;0
7004;0
7005;1
7006;1
7007;0
7008;0
7009;0
7010;0
7011;0
7012;0
7013;1
7014;1
7015;1
7016;0
7017;0
7018;1
7019;0
7020;1
7021;1
7022;1
7023;1
7024;1
7025;1
7026;1
7027;1
7028;0
7029;0
7030;1
7031;1
7032;1
7033;1
7034;0
7035;0
7036;0
7037;0
7038;0
7039;0
7040;1
7041;0
7042;1
7043;1
7044;1
7045;1
7046;1
7047;1
7048;1
7049;0
7050;0
7051;0
7052;1
7053;1
7054;1
7055;1
7056;1
7057;1
7058;1
7059;1
7060;1
7061;0
7062;1
7063;1
7064;0
7065;1
7066;1
7067;0
7068;1
7069;1
7070;1
7071;0
7072;1
7073;0
7074;1
7075;1
7076;1
7077;1
7078;1
7079;0
7080;0
7081;0
7082;0
7083;0
7084;0
7085;0
7086;1
7087;1
7088;0
7089;1
7090;0
7091;0
7092;0
7093;0
7094;1
7095;1
7096;1
7097;1
7098;1
7099;1
7100;0
7101;1
7102;1
7103;0
7104;0
7105;1
7106;0
7107;0
7108;1
7109;1
7110;0
7111;0
7112;0
7113;1
7114;0
7115;0
7116;0
7117;0
7118;0
7119;0
7120;1
7121;0
7122;0
7123;1
7124;0
7125;1
7126;0
7127;1
7128;0
7129;1
7130;1
7131;0
7132;0
7133;0
7134;1
7135;0
7136;1
7137;1
7138;0
7139;1
7140;0
7141;0
7142;0
7143;0
7144;1
7145;1
7146;1
7147;0
7148;0
7149;1
7150;1
7151;0
7152;0
7153;1
7154;1
7155;0
7156;1
7157;1
7158;1
7159;1
7160;1
7161;1
7162;1
7163;1
7164;0
7165;0
7166;0
7167;1
7168;0
7169;1
7170;1
7171;1
7172;1
7173;1
7174;1
7175;0
7176;1
7177;0
7178;1
7179;1
7180;0
7181;1
7182;1
7183;0
7184;0
7185;1
7186;1
7187;1
7188;0
7189;0
7190;0
7191;1
7192;0
7193;1
7194;1
7195;0
7196;1
7197;0
7198;0
7199;0
7200;0
7201;1
7202;1
7203;0
7204;0
7205;1
7206;1
7207;1
7208;0
7209;0
7210;0
7211;1
7212;1
7213;0
7214;0
7215;1
7216;1
7217;1
7218;0
7219;1
7220;0
7221;1
7222;0
7223;0
7224;0
7225;1
7226;1
7227;1
7228;1
7229;0
7230;1
7231;1
7232;1
7233;1
7234;0
7235;0
7236;1
7237;1
7238;1
7239;1
7240;1
